<?xml version="1.0" encoding="UTF-8"?>

<!DOCTYPE hibernate-configuration PUBLIC
	"-//Hibernate/Hibernate Configuration DTD 3.0//EN"
	"http://www.hibernate.org/dtd/hibernate-configuration-3.0.dtd">
	
	<hibernate-configuration>
	
	<session-factory>
		<property name="connection.driver_class">com.mysql.cj.jdbc.Driver</property>
		<property name="connection.url">jdbc:mysql://localhost:3306/hibernate_mapping</property>
		<property name="connection.username">root</property>
		<property name="connection.password">Eshwar*2000</property>
		<property name="hbm2ddl.auto">update</property>
		<property name="dialect">org.hibernate.dialect.MySQL8Dialect</property>
		<property name="show_sql">true</property>
		
		<mapping resource="eproduct.hbm.xml"/>
		<mapping resource="color.hbm.xml"/>
		<mapping resource="finance.hbm.xml"/>
		<mapping resource="os.hbm.xml"/>
		<mapping resource="screensizes.hbm.xml"/>
		
	</session-factory>
	</hibernate-configuration>